1.jpg,flowers02083.jpg,2, flowers
2.jpg,flowers02073.jpg,2, flowers
3.jpg,1149068.jpg,1, aircrafts
4.jpg,flowers02092.jpg,2, flowers
5.jpg,n02111889_1421.jpg, 4_test, dogs
6.jpg,n02109961_5797.jpg, 3_test, dogs
7.jpg,flowers00033.jpg,3, flowers
8.jpg,1281620.jpg,5, aircrafts
9.jpg,Northern_Fulmar_0016_2787660415.jpg, 3_, birds
10.jpg,0869743.jpg,1, aircrafts
11.jpg,Frigatebird_0013_223221931.jpg, 2_, birds
12.jpg,flowers00490.jpg,4, flowers
13.jpg,0143388.jpg,1, aircrafts
14.jpg,flowers02142.jpg,2, flowers
15.jpg,n02109961_2932.jpg, 3_test, dogs
16.jpg,Frigatebird_0004_484372823.jpg, 2_, birds
17.jpg,n02097298_9721.jpg, 5_test, dogs
18.jpg,n02097298_4872.jpg, 5_test, dogs
19.jpg,00045.jpg,8, cars
20.jpg,07111.jpg,8, cars
21.jpg,0077517.jpg,5, aircrafts
22.jpg,00343.jpg,1, cars
23.jpg,flowers02732.jpg,1, flowers
24.jpg,01028.jpg,6, cars
25.jpg,1246917.jpg,2, aircrafts
26.jpg,06219.jpg,4, cars
27.jpg,n02091635_3900.jpg, 1_test, dogs
28.jpg,n02111889_5075.jpg, 4_test, dogs
29.jpg,n02109961_7100.jpg, 3_test, dogs
30.jpg,03307.jpg,4, cars
31.jpg,flowers00035.jpg,3, flowers
32.jpg,07893.jpg,7, cars
33.jpg,00759.jpg,7, cars
34.jpg,Heermann_Gull_0026_1430755204.jpg, 7_, birds
35.jpg,1926830.jpg,3, aircrafts
36.jpg,02490.jpg,1, cars
37.jpg,n02111889_6781.jpg, 4_test, dogs
38.jpg,06969.jpg,5, cars
39.jpg,2158992.jpg,7, aircrafts
40.jpg,n02091635_4626.jpg, 1_test, dogs
41.jpg,n02091635_3990.jpg, 1_test, dogs
42.jpg,07904.jpg,3, cars
43.jpg,flowers02730.jpg,1, flowers
44.jpg,04619.jpg,4, cars
45.jpg,n02091635_1058.jpg, 1_test, dogs
46.jpg,02514.jpg,1, cars
47.jpg,01915.jpg,2, cars
48.jpg,00069.jpg,1, cars
49.jpg,0761149.jpg,5, aircrafts
50.jpg,2106391.jpg,4, aircrafts
51.jpg,01968.jpg,4, cars
52.jpg,California_Gull_0005_2255891892.jpg, 5_, birds
53.jpg,1375148.jpg,1, aircrafts
54.jpg,0702839.jpg,1, aircrafts
55.jpg,1244362.jpg,2, aircrafts
56.jpg,04840.jpg,3, cars
57.jpg,0995387.jpg,7, aircrafts
58.jpg,1794569.jpg,6, aircrafts
59.jpg,flowers02074.jpg,2, flowers
60.jpg,n02105412_6429.jpg, 2_test, dogs
61.jpg,2102584.jpg,1, aircrafts
62.jpg,2228007.jpg,2, aircrafts
63.jpg,00392.jpg,6, cars
64.jpg,01144.jpg,5, cars
65.jpg,flowers02102.jpg,2, flowers
66.jpg,03369.jpg,4, cars
67.jpg,0338531.jpg,1, aircrafts
68.jpg,01801.jpg,2, cars
69.jpg,0921985.jpg,5, aircrafts
70.jpg,flowers00024.jpg,3, flowers
71.jpg,n02091635_3548.jpg, 1_test, dogs
72.jpg,05278.jpg,3, cars
73.jpg,American_Goldfinch_0003_141640789.jpg, 4_, birds
74.jpg,01677.jpg,8, cars
75.jpg,n02111889_2425.jpg, 4_test, dogs
76.jpg,n02097298_2500.jpg, 5_test, dogs
77.jpg,n02111889_1532.jpg, 4_test, dogs
78.jpg,0155579.jpg,1, aircrafts
79.jpg,n02109961_5757.jpg, 3_test, dogs
80.jpg,04998.jpg,8, cars
81.jpg,02709.jpg,5, cars
82.jpg,02195.jpg,1, cars
83.jpg,05250.jpg,5, cars
84.jpg,0104828.jpg,1, aircrafts
85.jpg,0851299.jpg,2, aircrafts
86.jpg,Indigo_Bunting_0015_2443236987.jpg, 1_, birds
87.jpg,n02111889_6045.jpg, 4_test, dogs
88.jpg,n02097298_4701.jpg, 5_test, dogs
89.jpg,06433.jpg,6, cars
90.jpg,03645.jpg,1, cars
91.jpg,1650652.jpg,1, aircrafts
92.jpg,01248.jpg,2, cars
93.jpg,1499562.jpg,6, aircrafts
94.jpg,02780.jpg,3, cars
95.jpg,flowers00570.jpg,4, flowers
96.jpg,flowers02721.jpg,1, flowers
97.jpg,California_Gull_0006_2245452576.jpg, 5_, birds
98.jpg,1261329.jpg,5, aircrafts
99.jpg,0198448.jpg,7, aircrafts
100.jpg,n02109961_16311.jpg, 3_test, dogs
101.jpg,03057.jpg,6, cars
102.jpg,02932.jpg,2, cars
103.jpg,1427673.jpg,1, aircrafts
104.jpg,1430022.jpg,7, aircrafts
105.jpg,n02105412_5961.jpg, 2_test, dogs
106.jpg,1009765.jpg,1, aircrafts
107.jpg,n02105412_1464.jpg, 2_test, dogs
108.jpg,n02091635_4632.jpg, 1_test, dogs
109.jpg,flowers02093.jpg,2, flowers
110.jpg,00650.jpg,8, cars
111.jpg,0181726.jpg,1, aircrafts
112.jpg,01095.jpg,8, cars
113.jpg,05477.jpg,4, cars
114.jpg,07823.jpg,4, cars
115.jpg,flowers02728.jpg,1, flowers
116.jpg,flowers00057.jpg,3, flowers
117.jpg,flowers07510.jpg,5, flowers
118.jpg,n02097298_3342.jpg, 5_test, dogs
119.jpg,04124.jpg,5, cars
120.jpg,05608.jpg,1, cars
121.jpg,1860132.jpg,1, aircrafts
122.jpg,0755464.jpg,2, aircrafts
123.jpg,02649.jpg,2, cars
124.jpg,02216.jpg,5, cars
125.jpg,Frigatebird_0003_1478659470.jpg, 2_, birds
126.jpg,Loggerhead_Shrike_0023_3020106447.jpg, 11_, birds
127.jpg,n02109961_6613.jpg, 3_test, dogs
128.jpg,06861.jpg,7, cars
129.jpg,1472410.jpg,4, aircrafts
130.jpg,California_Gull_0017_772815179.jpg, 5_, birds
131.jpg,flowers02751.jpg,1, flowers
132.jpg,2111853.jpg,3, aircrafts
133.jpg,1124247.jpg,1, aircrafts
134.jpg,01647.jpg,2, cars
135.jpg,Glaucous_winged_Gull_0023_1297593827.jpg, 6_, birds
136.jpg,Glaucous_winged_Gull_0015_3033311344.jpg, 6_, birds
137.jpg,n02111889_2028.jpg, 4_test, dogs
138.jpg,n02091635_2594.jpg, 1_test, dogs
139.jpg,1031503.jpg,3, aircrafts
140.jpg,n02091635_4628.jpg, 1_test, dogs
141.jpg,White_breasted_Nuthatch_0026_2069673754.jpg, 10_, birds
142.jpg,07500.jpg,3, cars
143.jpg,02341.jpg,4, cars
144.jpg,00044.jpg,2, cars
145.jpg,flowers00027.jpg,3, flowers
146.jpg,n02109961_16491.jpg, 3_test, dogs
147.jpg,n02097298_3611.jpg, 5_test, dogs
148.jpg,Loggerhead_Shrike_0026_2058714884.jpg, 11_, birds
149.jpg,04962.jpg,1, cars
150.jpg,Loggerhead_Shrike_0015_2413019869.jpg, 11_, birds
151.jpg,n02111889_6041.jpg, 4_test, dogs
152.jpg,n02097298_6781.jpg, 5_test, dogs
153.jpg,03552.jpg,8, cars
154.jpg,00850.jpg,3, cars
155.jpg,1161004.jpg,1, aircrafts
156.jpg,02457.jpg,2, cars
157.jpg,1384679.jpg,4, aircrafts
158.jpg,1564952.jpg,1, aircrafts
159.jpg,0761960.jpg,3, aircrafts
160.jpg,flowers00025.jpg,3, flowers
161.jpg,01358.jpg,2, cars
162.jpg,0104604.jpg,7, aircrafts
163.jpg,00157.jpg,4, cars
164.jpg,American_Goldfinch_0016_317767498.jpg, 4_, birds
165.jpg,0836147.jpg,1, aircrafts
166.jpg,03259.jpg,6, cars
167.jpg,n02097298_9756.jpg, 5_test, dogs
168.jpg,Frigatebird_0017_160368360.jpg, 2_, birds
169.jpg,n02091635_3822.jpg, 1_test, dogs
170.jpg,07765.jpg,3, cars
171.jpg,07245.jpg,3, cars
172.jpg,05422.jpg,1, cars
173.jpg,04823.jpg,2, cars
174.jpg,Indigo_Bunting_0017_505078769.jpg, 1_, birds
175.jpg,01540.jpg,7, cars
176.jpg,n02105412_1159.jpg, 2_test, dogs
177.jpg,n02091635_1147.jpg, 1_test, dogs
178.jpg,n02097298_6980.jpg, 5_test, dogs
179.jpg,05406.jpg,5, cars
180.jpg,1572354.jpg,1, aircrafts
181.jpg,n02109961_16718.jpg, 3_test, dogs
182.jpg,flowers07502.jpg,5, flowers
183.jpg,04740.jpg,3, cars
184.jpg,04192.jpg,5, cars
185.jpg,02594.jpg,4, cars
186.jpg,0944176.jpg,7, aircrafts
187.jpg,n02111889_2410.jpg, 4_test, dogs
188.jpg,07642.jpg,6, cars
189.jpg,03419.jpg,8, cars
190.jpg,1553876.jpg,4, aircrafts
191.jpg,05178.jpg,1, cars
192.jpg,03489.jpg,3, cars
193.jpg,0547019.jpg,2, aircrafts
194.jpg,Red_breasted_Merganser_0013_2199192992.jpg, 8_, birds
195.jpg,03418.jpg,5, cars
196.jpg,n02105412_1757.jpg, 2_test, dogs
197.jpg,0523033.jpg,3, aircrafts
198.jpg,00644.jpg,8, cars
199.jpg,1237717.jpg,1, aircrafts
200.jpg,n02105412_5288.jpg, 2_test, dogs
201.jpg,n02091635_4175.jpg, 1_test, dogs
202.jpg,n02111889_1363.jpg, 4_test, dogs
203.jpg,flowers00026.jpg,3, flowers
204.jpg,n02111889_6512.jpg, 4_test, dogs
205.jpg,00825.jpg,6, cars
206.jpg,Loggerhead_Shrike_0025_90918308.jpg, 11_, birds
207.jpg,1092039.jpg,5, aircrafts
208.jpg,1564427.jpg,2, aircrafts
209.jpg,flowers02731.jpg,1, flowers
210.jpg,0064924.jpg,1, aircrafts
211.jpg,07087.jpg,1, cars
212.jpg,0198446.jpg,7, aircrafts
213.jpg,2226313.jpg,1, aircrafts
214.jpg,07127.jpg,1, cars
215.jpg,n02097298_9206.jpg, 5_test, dogs
216.jpg,1505652.jpg,1, aircrafts
217.jpg,04654.jpg,8, cars
218.jpg,n02097298_2132.jpg, 5_test, dogs
219.jpg,flowers02132.jpg,2, flowers
220.jpg,2217964.jpg,1, aircrafts
221.jpg,07251.jpg,8, cars
222.jpg,07227.jpg,4, cars
223.jpg,2005574.jpg,6, aircrafts
224.jpg,American_Goldfinch_0014_563733447.jpg, 4_, birds
225.jpg,Glaucous_winged_Gull_0016_3032468957.jpg, 6_, birds
226.jpg,n02091635_2958.jpg, 1_test, dogs
227.jpg,1454285.jpg,6, aircrafts
228.jpg,n02097298_2420.jpg, 5_test, dogs
229.jpg,0517628.jpg,5, aircrafts
230.jpg,07751.jpg,2, cars
231.jpg,04524.jpg,1, cars
232.jpg,flowers07490.jpg,5, flowers
233.jpg,06126.jpg,4, cars
234.jpg,06633.jpg,3, cars
235.jpg,1627935.jpg,1, aircrafts
236.jpg,1525673.jpg,3, aircrafts
237.jpg,0838486.jpg,5, aircrafts
238.jpg,n02111889_5769.jpg, 4_test, dogs
239.jpg,flowers07492.jpg,5, flowers
240.jpg,n02105412_1834.jpg, 2_test, dogs
241.jpg,n02111889_1735.jpg, 4_test, dogs
242.jpg,00572.jpg,4, cars
243.jpg,flowers07498.jpg,5, flowers
244.jpg,2119978.jpg,1, aircrafts
245.jpg,03404.jpg,1, cars
246.jpg,flowers00046.jpg,3, flowers
247.jpg,n02105412_4669.jpg, 2_test, dogs
248.jpg,07827.jpg,8, cars
249.jpg,00569.jpg,5, cars
250.jpg,flowers02072.jpg,2, flowers
251.jpg,0149352.jpg,1, aircrafts
252.jpg,1706500.jpg,4, aircrafts
253.jpg,02225.jpg,3, cars
254.jpg,00969.jpg,5, cars
255.jpg,flowers00499.jpg,4, flowers
256.jpg,Loggerhead_Shrike_0017_3062048714.jpg, 11_, birds
257.jpg,flowers00492.jpg,4, flowers
258.jpg,flowers02738.jpg,1, flowers
259.jpg,flowers07522.jpg,5, flowers
260.jpg,0368356.jpg,6, aircrafts
261.jpg,07422.jpg,2, cars
262.jpg,1529298.jpg,4, aircrafts
263.jpg,05090.jpg,8, cars
264.jpg,1624193.jpg,1, aircrafts
265.jpg,n02111889_1739.jpg, 4_test, dogs
266.jpg,00676.jpg,5, cars
267.jpg,02213.jpg,2, cars
268.jpg,02069.jpg,3, cars
269.jpg,0973160.jpg,7, aircrafts
270.jpg,00914.jpg,5, cars
271.jpg,n02109961_6880.jpg, 3_test, dogs
272.jpg,0796384.jpg,5, aircrafts
273.jpg,0278439.jpg,5, aircrafts
274.jpg,1331516.jpg,2, aircrafts
275.jpg,05353.jpg,1, cars
276.jpg,n02091635_2584.jpg, 1_test, dogs
277.jpg,flowers02722.jpg,1, flowers
278.jpg,02960.jpg,7, cars
279.jpg,California_Gull_0016_2492872310.jpg, 5_, birds
280.jpg,flowers07489.jpg,5, flowers
281.jpg,n02111889_2366.jpg, 4_test, dogs
282.jpg,flowers00048.jpg,3, flowers
283.jpg,1527503.jpg,1, aircrafts
284.jpg,0143367.jpg,5, aircrafts
285.jpg,flowers02082.jpg,2, flowers
286.jpg,03490.jpg,8, cars
287.jpg,flowers07511.jpg,5, flowers
288.jpg,n02109961_5066.jpg, 3_test, dogs
289.jpg,flowers07493.jpg,5, flowers
290.jpg,flowers02739.jpg,1, flowers
291.jpg,flowers02749.jpg,1, flowers
292.jpg,07344.jpg,3, cars
293.jpg,1621666.jpg,2, aircrafts
294.jpg,00847.jpg,5, cars
295.jpg,n02111889_4809.jpg, 4_test, dogs
296.jpg,n02109961_8835.jpg, 3_test, dogs
297.jpg,05012.jpg,6, cars
298.jpg,1767276.jpg,3, aircrafts
299.jpg,1106454.jpg,1, aircrafts
300.jpg,1237674.jpg,1, aircrafts
301.jpg,Loggerhead_Shrike_0024_2505214835.jpg, 11_, birds
302.jpg,04467.jpg,7, cars
303.jpg,flowers02105.jpg,2, flowers
304.jpg,1450008.jpg,1, aircrafts
305.jpg,flowers02735.jpg,1, flowers
306.jpg,00429.jpg,7, cars
307.jpg,1510644.jpg,3, aircrafts
308.jpg,1426175.jpg,5, aircrafts
309.jpg,03196.jpg,6, cars
310.jpg,0677586.jpg,1, aircrafts
311.jpg,00600.jpg,5, cars
312.jpg,n02097298_1327.jpg, 5_test, dogs
313.jpg,0901513.jpg,1, aircrafts
314.jpg,n02097298_2863.jpg, 5_test, dogs
315.jpg,n02097298_6261.jpg, 5_test, dogs
316.jpg,flowers07488.jpg,5, flowers
317.jpg,1519194.jpg,1, aircrafts
318.jpg,American_Goldfinch_0006_2674294474.jpg, 4_, birds
319.jpg,n02097298_6863.jpg, 5_test, dogs
320.jpg,1821602.jpg,1, aircrafts
321.jpg,flowers07501.jpg,5, flowers
322.jpg,flowers07520.jpg,5, flowers
323.jpg,1152778.jpg,5, aircrafts
324.jpg,flowers00511.jpg,4, flowers
325.jpg,flowers07519.jpg,5, flowers
326.jpg,flowers07532.jpg,5, flowers
327.jpg,02776.jpg,7, cars
328.jpg,03649.jpg,3, cars
329.jpg,0989281.jpg,1, aircrafts
330.jpg,1340195.jpg,1, aircrafts
331.jpg,1616362.jpg,7, aircrafts
332.jpg,flowers02104.jpg,2, flowers
333.jpg,00093.jpg,4, cars
334.jpg,n02091635_3916.jpg, 1_test, dogs
335.jpg,04346.jpg,7, cars
336.jpg,01148.jpg,8, cars
337.jpg,02427.jpg,4, cars
338.jpg,n02111889_6183.jpg, 4_test, dogs
339.jpg,04035.jpg,7, cars
340.jpg,flowers00509.jpg,4, flowers
341.jpg,0607514.jpg,6, aircrafts
342.jpg,n02109961_5080.jpg, 3_test, dogs
343.jpg,01776.jpg,5, cars
344.jpg,Mockingbird_0005_2551120638.jpg, 9_, birds
345.jpg,n02091635_979.jpg, 1_test, dogs
346.jpg,1415611.jpg,1, aircrafts
347.jpg,0540389.jpg,1, aircrafts
348.jpg,1115130.jpg,4, aircrafts
349.jpg,0784557.jpg,7, aircrafts
350.jpg,n02105412_1398.jpg, 2_test, dogs
351.jpg,n02097298_3238.jpg, 5_test, dogs
352.jpg,0948344.jpg,1, aircrafts
353.jpg,1663953.jpg,1, aircrafts
354.jpg,04511.jpg,2, cars
355.jpg,0959346.jpg,1, aircrafts
356.jpg,1757760.jpg,6, aircrafts
357.jpg,n02091635_965.jpg, 1_test, dogs
358.jpg,n02097298_2492.jpg, 5_test, dogs
359.jpg,05790.jpg,7, cars
360.jpg,n02105412_1211.jpg, 2_test, dogs
361.jpg,White_breasted_Nuthatch_0025_2270721090.jpg, 10_, birds
362.jpg,00088.jpg,4, cars
363.jpg,06400.jpg,2, cars
364.jpg,Loggerhead_Shrike_0016_59872225.jpg, 11_, birds
365.jpg,1763667.jpg,5, aircrafts
366.jpg,n02109961_4182.jpg, 3_test, dogs
367.jpg,1402021.jpg,1, aircrafts
368.jpg,00127.jpg,6, cars
369.jpg,n02109961_2675.jpg, 3_test, dogs
370.jpg,0457162.jpg,7, aircrafts
371.jpg,02731.jpg,7, cars
372.jpg,flowers00530.jpg,4, flowers
373.jpg,n02091635_2586.jpg, 1_test, dogs
374.jpg,flowers07530.jpg,5, flowers
375.jpg,Northern_Fulmar_0017_163433610.jpg, 3_, birds
376.jpg,2110996.jpg,2, aircrafts
377.jpg,1709263.jpg,6, aircrafts
378.jpg,01046.jpg,6, cars
379.jpg,00805.jpg,2, cars
380.jpg,n02091635_4698.jpg, 1_test, dogs
381.jpg,01044.jpg,6, cars
382.jpg,04126.jpg,3, cars
383.jpg,flowers00520.jpg,4, flowers
384.jpg,04242.jpg,4, cars
385.jpg,0396535.jpg,1, aircrafts
386.jpg,n02091635_3703.jpg, 1_test, dogs
387.jpg,0810303.jpg,7, aircrafts
388.jpg,0485231.jpg,1, aircrafts
389.jpg,00730.jpg,5, cars
390.jpg,0690637.jpg,5, aircrafts
391.jpg,n02105412_1031.jpg, 2_test, dogs
392.jpg,04358.jpg,7, cars
393.jpg,n02109961_4738.jpg, 3_test, dogs
394.jpg,03958.jpg,7, cars
395.jpg,06791.jpg,3, cars
396.jpg,n02091635_4446.jpg, 1_test, dogs
397.jpg,2151013.jpg,3, aircrafts
398.jpg,0736232.jpg,2, aircrafts
399.jpg,flowers07508.jpg,5, flowers
400.jpg,2259451.jpg,3, aircrafts
401.jpg,1499880.jpg,6, aircrafts
402.jpg,05401.jpg,7, cars
403.jpg,00026.jpg,8, cars
404.jpg,1586062.jpg,2, aircrafts
405.jpg,n02091635_1151.jpg, 1_test, dogs
406.jpg,flowers00028.jpg,3, flowers
407.jpg,flowers02719.jpg,1, flowers
408.jpg,Frigatebird_0005_271062043.jpg, 2_, birds
409.jpg,0929568.jpg,1, aircrafts
410.jpg,n02097298_2443.jpg, 5_test, dogs
411.jpg,flowers07513.jpg,5, flowers
412.jpg,Loggerhead_Shrike_0014_2960876092.jpg, 11_, birds
413.jpg,n02097298_6276.jpg, 5_test, dogs
414.jpg,0183641.jpg,1, aircrafts
415.jpg,1928845.jpg,4, aircrafts
416.jpg,03387.jpg,4, cars
417.jpg,02134.jpg,5, cars
418.jpg,2195297.jpg,4, aircrafts
419.jpg,n02105412_7533.jpg, 2_test, dogs
420.jpg,flowers00489.jpg,4, flowers
421.jpg,01018.jpg,1, cars
422.jpg,flowers00066.jpg,3, flowers
423.jpg,n02091635_3586.jpg, 1_test, dogs
424.jpg,2210227.jpg,6, aircrafts
425.jpg,flowers02145.jpg,2, flowers
426.jpg,00425.jpg,1, cars
427.jpg,Mockingbird_0015_503160113.jpg, 9_, birds
428.jpg,Glaucous_winged_Gull_0027_47324876.jpg, 6_, birds
429.jpg,flowers02122.jpg,2, flowers
430.jpg,02690.jpg,3, cars
431.jpg,n02105412_1371.jpg, 2_test, dogs
432.jpg,06639.jpg,3, cars
433.jpg,1922915.jpg,1, aircrafts
434.jpg,03471.jpg,2, cars
435.jpg,n02091635_3072.jpg, 1_test, dogs
436.jpg,Red_breasted_Merganser_0025_2910627678.jpg, 8_, birds
437.jpg,n02105412_6070.jpg, 2_test, dogs
438.jpg,06754.jpg,2, cars
439.jpg,00493.jpg,4, cars
440.jpg,California_Gull_0008_490813465.jpg, 5_, birds
441.jpg,0725997.jpg,1, aircrafts
442.jpg,02802.jpg,1, cars
443.jpg,flowers00491.jpg,4, flowers
444.jpg,02545.jpg,5, cars
445.jpg,0598112.jpg,1, aircrafts
446.jpg,01359.jpg,3, cars
447.jpg,Frigatebird_0015_2433306379.jpg, 2_, birds
448.jpg,07845.jpg,5, cars
449.jpg,n02091635_3552.jpg, 1_test, dogs
450.jpg,05654.jpg,1, cars
451.jpg,0939547.jpg,1, aircrafts
452.jpg,1696301.jpg,4, aircrafts
453.jpg,Glaucous_winged_Gull_0026_47325326.jpg, 6_, birds
454.jpg,03893.jpg,5, cars
455.jpg,1593383.jpg,2, aircrafts
456.jpg,00909.jpg,3, cars
457.jpg,flowers00480.jpg,4, flowers
458.jpg,07271.jpg,1, cars
459.jpg,1931138.jpg,5, aircrafts
460.jpg,0540023.jpg,1, aircrafts
461.jpg,05576.jpg,5, cars
462.jpg,flowers00571.jpg,4, flowers
463.jpg,0115565.jpg,1, aircrafts
464.jpg,n02109961_3479.jpg, 3_test, dogs
465.jpg,05124.jpg,4, cars
466.jpg,Heermann_Gull_0015_745080796.jpg, 7_, birds
467.jpg,1240217.jpg,6, aircrafts
468.jpg,Red_breasted_Merganser_0023_2884701005.jpg, 8_, birds
469.jpg,Heermann_Gull_0017_2327153009.jpg, 7_, birds
470.jpg,07266.jpg,7, cars
471.jpg,Frigatebird_0007_1478401761.jpg, 2_, birds
472.jpg,Red_breasted_Merganser_0017_xxx.jpg, 8_, birds
473.jpg,0964344.jpg,1, aircrafts
474.jpg,flowers00038.jpg,3, flowers
475.jpg,00256.jpg,5, cars
476.jpg,05600.jpg,5, cars
477.jpg,2215054.jpg,4, aircrafts
478.jpg,07180.jpg,7, cars
479.jpg,1051041.jpg,7, aircrafts
480.jpg,00716.jpg,5, cars
481.jpg,07687.jpg,7, cars
482.jpg,1336043.jpg,1, aircrafts
483.jpg,flowers00580.jpg,4, flowers
484.jpg,Mockingbird_0004_xxx.jpg, 9_, birds
485.jpg,00340.jpg,1, cars
486.jpg,2139351.jpg,3, aircrafts
487.jpg,05258.jpg,7, cars
488.jpg,flowers02737.jpg,1, flowers
489.jpg,n02097298_3641.jpg, 5_test, dogs
490.jpg,n02105412_6770.jpg, 2_test, dogs
491.jpg,01885.jpg,7, cars
492.jpg,n02111889_5679.jpg, 4_test, dogs
493.jpg,03120.jpg,8, cars
494.jpg,n02091635_3048.jpg, 1_test, dogs
495.jpg,07215.jpg,2, cars
496.jpg,flowers00510.jpg,4, flowers
497.jpg,flowers00581.jpg,4, flowers
498.jpg,1535205.jpg,5, aircrafts
499.jpg,08011.jpg,4, cars
500.jpg,n02105412_5373.jpg, 2_test, dogs
501.jpg,2175630.jpg,2, aircrafts
502.jpg,flowers02103.jpg,2, flowers
503.jpg,02178.jpg,3, cars
504.jpg,2134405.jpg,5, aircrafts
505.jpg,06851.jpg,4, cars
506.jpg,1117062.jpg,7, aircrafts
507.jpg,flowers00522.jpg,4, flowers
508.jpg,1337428.jpg,3, aircrafts
509.jpg,Indigo_Bunting_0025_2447047009.jpg, 1_, birds
510.jpg,Frigatebird_0006_663848739.jpg, 2_, birds
511.jpg,Glaucous_winged_Gull_0025_2697482762.jpg, 6_, birds
512.jpg,n02097298_3579.jpg, 5_test, dogs
513.jpg,n02097298_9085.jpg, 5_test, dogs
514.jpg,0914477.jpg,4, aircrafts
515.jpg,07002.jpg,7, cars
516.jpg,05285.jpg,7, cars
517.jpg,04676.jpg,8, cars
518.jpg,n02105412_1201.jpg, 2_test, dogs
519.jpg,1292533.jpg,1, aircrafts
520.jpg,Indigo_Bunting_0027_497208595.jpg, 1_, birds
521.jpg,Northern_Fulmar_0023_538672323.jpg, 3_, birds
522.jpg,flowers02723.jpg,1, flowers
523.jpg,0906979.jpg,7, aircrafts
524.jpg,Northern_Fulmar_0026_413770047.jpg, 3_, birds
525.jpg,flowers00479.jpg,4, flowers
526.jpg,Northern_Fulmar_0014_2657494321.jpg, 3_, birds
527.jpg,1663372.jpg,1, aircrafts
528.jpg,1619901.jpg,1, aircrafts
529.jpg,n02097298_1790.jpg, 5_test, dogs
530.jpg,0989831.jpg,1, aircrafts
531.jpg,Mockingbird_0017_1240378015.jpg, 9_, birds
532.jpg,flowers00054.jpg,3, flowers
533.jpg,1013534.jpg,1, aircrafts
534.jpg,06060.jpg,3, cars
535.jpg,06446.jpg,6, cars
536.jpg,1716063.jpg,6, aircrafts
537.jpg,00931.jpg,5, cars
538.jpg,n02111889_1402.jpg, 4_test, dogs
539.jpg,flowers02748.jpg,1, flowers
540.jpg,flowers00481.jpg,4, flowers
541.jpg,1296580.jpg,7, aircrafts
542.jpg,flowers00058.jpg,3, flowers
543.jpg,07147.jpg,8, cars
544.jpg,n02097298_3618.jpg, 5_test, dogs
545.jpg,flowers02075.jpg,2, flowers
546.jpg,0188405.jpg,1, aircrafts
547.jpg,n02109961_3992.jpg, 3_test, dogs
548.jpg,1469918.jpg,1, aircrafts
549.jpg,flowers02744.jpg,1, flowers
550.jpg,1308317.jpg,3, aircrafts
551.jpg,n02091635_4330.jpg, 1_test, dogs
552.jpg,03221.jpg,1, cars
553.jpg,00943.jpg,8, cars
554.jpg,n02097298_4640.jpg, 5_test, dogs
555.jpg,n02091635_971.jpg, 1_test, dogs
556.jpg,n02105412_7843.jpg, 2_test, dogs
557.jpg,n02091635_4003.jpg, 1_test, dogs
558.jpg,flowers00500.jpg,4, flowers
559.jpg,Heermann_Gull_0016_2679200040.jpg, 7_, birds
560.jpg,01011.jpg,3, cars
561.jpg,n02105412_1222.jpg, 2_test, dogs
562.jpg,flowers00579.jpg,4, flowers
563.jpg,05208.jpg,6, cars
564.jpg,06653.jpg,6, cars
565.jpg,01765.jpg,2, cars
566.jpg,n02091635_3661.jpg, 1_test, dogs
567.jpg,1268480.jpg,5, aircrafts
568.jpg,07280.jpg,6, cars
569.jpg,Red_breasted_Merganser_0026_2347513543.jpg, 8_, birds
570.jpg,06074.jpg,3, cars
571.jpg,06669.jpg,2, cars
572.jpg,n02111889_1994.jpg, 4_test, dogs
573.jpg,n02091635_1083.jpg, 1_test, dogs
574.jpg,06538.jpg,6, cars
575.jpg,Mockingbird_0013_2328867110.jpg, 9_, birds
576.jpg,n02097298_2868.jpg, 5_test, dogs
577.jpg,02248.jpg,7, cars
578.jpg,1695906.jpg,7, aircrafts
579.jpg,flowers00067.jpg,3, flowers
580.jpg,04423.jpg,4, cars
581.jpg,01341.jpg,8, cars
582.jpg,n02111889_1995.jpg, 4_test, dogs
583.jpg,03188.jpg,7, cars
584.jpg,02997.jpg,6, cars
585.jpg,02812.jpg,5, cars
586.jpg,n02109961_8977.jpg, 3_test, dogs
587.jpg,02419.jpg,6, cars
588.jpg,n02111889_1984.jpg, 4_test, dogs
589.jpg,White_breasted_Nuthatch_0023_2391498884.jpg, 10_, birds
590.jpg,1137626.jpg,1, aircrafts
591.jpg,2107238.jpg,3, aircrafts
592.jpg,1329664.jpg,1, aircrafts
593.jpg,0774763.jpg,2, aircrafts
594.jpg,California_Gull_0004_535816916.jpg, 5_, birds
595.jpg,00032.jpg,7, cars
596.jpg,06148.jpg,1, cars
597.jpg,02180.jpg,3, cars
598.jpg,n02109961_4619.jpg, 3_test, dogs
599.jpg,Heermann_Gull_0025_271852057.jpg, 7_, birds
600.jpg,n02111889_1374.jpg, 4_test, dogs
601.jpg,1940260.jpg,6, aircrafts
602.jpg,01634.jpg,6, cars
603.jpg,03341.jpg,8, cars
604.jpg,02966.jpg,8, cars
605.jpg,1928769.jpg,4, aircrafts
606.jpg,04579.jpg,2, cars
607.jpg,0064890.jpg,1, aircrafts
608.jpg,n02111889_6076.jpg, 4_test, dogs
609.jpg,n02111889_4368.jpg, 4_test, dogs
610.jpg,06862.jpg,5, cars
611.jpg,flowers02736.jpg,1, flowers
612.jpg,0082500.jpg,3, aircrafts
613.jpg,Loggerhead_Shrike_0013_1721947795.jpg, 11_, birds
614.jpg,03518.jpg,8, cars
615.jpg,n02109961_3817.jpg, 3_test, dogs
616.jpg,1382000.jpg,3, aircrafts
617.jpg,06618.jpg,8, cars
618.jpg,White_breasted_Nuthatch_0015_2965905174.jpg, 10_, birds
619.jpg,Heermann_Gull_0013_2864575568.jpg, 7_, birds
620.jpg,2167150.jpg,1, aircrafts
621.jpg,03040.jpg,4, cars
622.jpg,flowers02085.jpg,2, flowers
623.jpg,01954.jpg,6, cars
624.jpg,05445.jpg,2, cars
625.jpg,American_Goldfinch_0007_2653402207.jpg, 4_, birds
626.jpg,flowers00582.jpg,4, flowers
627.jpg,07684.jpg,5, cars
628.jpg,1158325.jpg,3, aircrafts
629.jpg,00322.jpg,8, cars
630.jpg,1818227.jpg,1, aircrafts
631.jpg,n02111889_4754.jpg, 4_test, dogs
632.jpg,05539.jpg,7, cars
633.jpg,0383400.jpg,7, aircrafts
634.jpg,02171.jpg,4, cars
635.jpg,1979290.jpg,4, aircrafts
636.jpg,04510.jpg,6, cars
637.jpg,White_breasted_Nuthatch_0013_253748267.jpg, 10_, birds
638.jpg,n02105412_6120.jpg, 2_test, dogs
639.jpg,05051.jpg,2, cars
640.jpg,01289.jpg,1, cars
641.jpg,01090.jpg,3, cars
642.jpg,White_breasted_Nuthatch_0017_2214118073.jpg, 10_, birds
643.jpg,flowers00047.jpg,3, flowers
644.jpg,1762100.jpg,2, aircrafts
645.jpg,02153.jpg,1, cars
646.jpg,04345.jpg,8, cars
647.jpg,03379.jpg,4, cars
648.jpg,05684.jpg,8, cars
649.jpg,00635.jpg,1, cars
650.jpg,1409250.jpg,1, aircrafts
651.jpg,1707900.jpg,1, aircrafts
652.jpg,flowers00501.jpg,4, flowers
653.jpg,American_Goldfinch_0004_155617438.jpg, 4_, birds
654.jpg,flowers00063.jpg,3, flowers
655.jpg,n02097298_2609.jpg, 5_test, dogs
656.jpg,01210.jpg,1, cars
657.jpg,04237.jpg,3, cars
658.jpg,0967862.jpg,1, aircrafts
659.jpg,flowers07523.jpg,5, flowers
660.jpg,03966.jpg,5, cars
661.jpg,04387.jpg,2, cars
662.jpg,flowers02133.jpg,2, flowers
663.jpg,1313993.jpg,1, aircrafts
664.jpg,1969049.jpg,3, aircrafts
665.jpg,1305520.jpg,1, aircrafts
666.jpg,0523192.jpg,7, aircrafts
667.jpg,07685.jpg,2, cars
668.jpg,1259623.jpg,3, aircrafts
669.jpg,Heermann_Gull_0024_493849736.jpg, 7_, birds
670.jpg,1739526.jpg,1, aircrafts
671.jpg,n02105412_7504.jpg, 2_test, dogs
672.jpg,0396525.jpg,1, aircrafts
673.jpg,02072.jpg,6, cars
674.jpg,n02097298_3521.jpg, 5_test, dogs
675.jpg,n02091635_4368.jpg, 1_test, dogs
676.jpg,n02091635_3941.jpg, 1_test, dogs
677.jpg,1773158.jpg,4, aircrafts
678.jpg,0329381.jpg,7, aircrafts
679.jpg,n02111889_5738.jpg, 4_test, dogs
680.jpg,1215875.jpg,3, aircrafts
681.jpg,0155602.jpg,5, aircrafts
682.jpg,n02097298_3589.jpg, 5_test, dogs
683.jpg,00932.jpg,2, cars
684.jpg,07254.jpg,7, cars
685.jpg,1333639.jpg,6, aircrafts
686.jpg,flowers02734.jpg,1, flowers
687.jpg,02601.jpg,1, cars
688.jpg,n02091635_4325.jpg, 1_test, dogs
689.jpg,0175817.jpg,1, aircrafts
690.jpg,n02109961_4157.jpg, 3_test, dogs
691.jpg,flowers00055.jpg,3, flowers
692.jpg,07631.jpg,3, cars
693.jpg,n02111889_6545.jpg, 4_test, dogs
694.jpg,n02109961_4451.jpg, 3_test, dogs
695.jpg,1304098.jpg,2, aircrafts
696.jpg,n02105412_7513.jpg, 2_test, dogs
697.jpg,flowers07499.jpg,5, flowers
698.jpg,Glaucous_winged_Gull_0014_1524925776.jpg, 6_, birds
699.jpg,n02109961_4054.jpg, 3_test, dogs
700.jpg,03686.jpg,7, cars
701.jpg,flowers07521.jpg,5, flowers
702.jpg,n02097298_4485.jpg, 5_test, dogs
703.jpg,07757.jpg,7, cars
704.jpg,1145204.jpg,1, aircrafts
705.jpg,1320565.jpg,7, aircrafts
706.jpg,2189411.jpg,6, aircrafts
707.jpg,n02111889_1968.jpg, 4_test, dogs
708.jpg,00985.jpg,3, cars
709.jpg,n02105412_1217.jpg, 2_test, dogs
710.jpg,02335.jpg,8, cars
711.jpg,1901689.jpg,6, aircrafts
712.jpg,n02109961_5772.jpg, 3_test, dogs
713.jpg,00562.jpg,7, cars
714.jpg,flowers00529.jpg,4, flowers
715.jpg,02372.jpg,4, cars
716.jpg,n02105412_7819.jpg, 2_test, dogs
717.jpg,00211.jpg,1, cars
718.jpg,1357292.jpg,6, aircrafts
719.jpg,Indigo_Bunting_0016_2610166459.jpg, 1_, birds
720.jpg,02076.jpg,6, cars
721.jpg,04780.jpg,5, cars
722.jpg,06774.jpg,7, cars
723.jpg,flowers02724.jpg,1, flowers
724.jpg,1158363.jpg,3, aircrafts
725.jpg,0784479.jpg,7, aircrafts
726.jpg,0181737.jpg,1, aircrafts
727.jpg,07093.jpg,7, cars
728.jpg,1752996.jpg,6, aircrafts
729.jpg,flowers02154.jpg,2, flowers
730.jpg,1626629.jpg,1, aircrafts
731.jpg,07166.jpg,8, cars
732.jpg,0812094.jpg,1, aircrafts
733.jpg,n02097298_3516.jpg, 5_test, dogs
734.jpg,03813.jpg,1, cars
735.jpg,02326.jpg,4, cars
736.jpg,n02091635_3845.jpg, 1_test, dogs
737.jpg,01722.jpg,7, cars
738.jpg,flowers02124.jpg,2, flowers
739.jpg,0302204.jpg,3, aircrafts
740.jpg,00235.jpg,7, cars
741.jpg,n02111889_6859.jpg, 4_test, dogs
742.jpg,flowers00502.jpg,4, flowers
743.jpg,1499332.jpg,4, aircrafts
744.jpg,0062769.jpg,1, aircrafts
745.jpg,0062672.jpg,1, aircrafts
746.jpg,1549180.jpg,5, aircrafts
747.jpg,0725715.jpg,7, aircrafts
748.jpg,0517627.jpg,5, aircrafts
749.jpg,Red_breasted_Merganser_0014_2483671772.jpg, 8_, birds
750.jpg,n02105412_1555.jpg, 2_test, dogs
751.jpg,1231746.jpg,1, aircrafts
752.jpg,n02109961_12118.jpg, 3_test, dogs
753.jpg,flowers00068.jpg,3, flowers
754.jpg,00696.jpg,2, cars
755.jpg,01302.jpg,8, cars
756.jpg,n02105412_7514.jpg, 2_test, dogs
757.jpg,American_Goldfinch_0013_146872871.jpg, 4_, birds
758.jpg,07540.jpg,4, cars
759.jpg,0574360.jpg,5, aircrafts
760.jpg,0065286.jpg,1, aircrafts
761.jpg,n02105412_855.jpg, 2_test, dogs
762.jpg,Red_breasted_Merganser_0016_2551633444.jpg, 8_, birds
763.jpg,n02111889_4967.jpg, 4_test, dogs
764.jpg,03522.jpg,2, cars
765.jpg,flowers00034.jpg,3, flowers
766.jpg,0066420.jpg,1, aircrafts
767.jpg,0894166.jpg,1, aircrafts
768.jpg,06859.jpg,1, cars
769.jpg,03771.jpg,5, cars
770.jpg,Frigatebird_0014_662444879.jpg, 2_, birds
771.jpg,flowers02112.jpg,2, flowers
772.jpg,n02105412_6154.jpg, 2_test, dogs
773.jpg,05092.jpg,4, cars
774.jpg,flowers00531.jpg,4, flowers
775.jpg,n02097298_8301.jpg, 5_test, dogs
776.jpg,n02109961_4369.jpg, 3_test, dogs
777.jpg,1317747.jpg,6, aircrafts
778.jpg,0880576.jpg,1, aircrafts
779.jpg,0751008.jpg,1, aircrafts
780.jpg,01497.jpg,6, cars
781.jpg,0773394.jpg,2, aircrafts
782.jpg,1979306.jpg,4, aircrafts
783.jpg,n02109961_2706.jpg, 3_test, dogs
784.jpg,n02105412_1366.jpg, 2_test, dogs
785.jpg,flowers07533.jpg,5, flowers
786.jpg,07899.jpg,7, cars
787.jpg,1645747.jpg,1, aircrafts
788.jpg,n02105412_6741.jpg, 2_test, dogs
789.jpg,0078400.jpg,3, aircrafts
790.jpg,1085153.jpg,6, aircrafts
791.jpg,07906.jpg,6, cars
792.jpg,n02109961_16095.jpg, 3_test, dogs
793.jpg,1195235.jpg,4, aircrafts
794.jpg,flowers00482.jpg,4, flowers
795.jpg,n02105412_893.jpg, 2_test, dogs
796.jpg,n02091635_4377.jpg, 1_test, dogs
797.jpg,flowers00023.jpg,3, flowers
798.jpg,Northern_Fulmar_0015_415814058.jpg, 3_, birds
799.jpg,n02091635_2867.jpg, 1_test, dogs
800.jpg,flowers02725.jpg,1, flowers
801.jpg,06116.jpg,5, cars
802.jpg,0733462.jpg,1, aircrafts
803.jpg,02811.jpg,3, cars
804.jpg,07389.jpg,4, cars
805.jpg,0911710.jpg,4, aircrafts
806.jpg,07021.jpg,7, cars
807.jpg,n02109961_3715.jpg, 3_test, dogs
808.jpg,06792.jpg,3, cars
809.jpg,n02111889_6566.jpg, 4_test, dogs
810.jpg,0851311.jpg,1, aircrafts
811.jpg,flowers07518.jpg,5, flowers
812.jpg,06598.jpg,5, cars
813.jpg,n02105412_6873.jpg, 2_test, dogs
814.jpg,0705084.jpg,1, aircrafts
815.jpg,flowers02095.jpg,2, flowers
816.jpg,flowers02726.jpg,1, flowers
817.jpg,2105989.jpg,6, aircrafts
818.jpg,07216.jpg,1, cars
819.jpg,07001.jpg,2, cars
820.jpg,0979612.jpg,3, aircrafts
821.jpg,n02091635_1102.jpg, 1_test, dogs
822.jpg,0800390.jpg,7, aircrafts
823.jpg,1176955.jpg,7, aircrafts
824.jpg,n02105412_6476.jpg, 2_test, dogs
825.jpg,n02111889_1340.jpg, 4_test, dogs
826.jpg,flowers02134.jpg,2, flowers
827.jpg,flowers02741.jpg,1, flowers
828.jpg,02746.jpg,5, cars
829.jpg,0946093.jpg,1, aircrafts
830.jpg,0464476.jpg,2, aircrafts
831.jpg,00749.jpg,2, cars
832.jpg,0788163.jpg,4, aircrafts
833.jpg,n02091635_4697.jpg, 1_test, dogs
834.jpg,n02111889_4950.jpg, 4_test, dogs
835.jpg,03323.jpg,7, cars
836.jpg,04166.jpg,7, cars
837.jpg,01591.jpg,2, cars
838.jpg,2230119.jpg,1, aircrafts
839.jpg,Heermann_Gull_0027_2681146971.jpg, 7_, birds
840.jpg,flowers02125.jpg,2, flowers
841.jpg,03093.jpg,4, cars
842.jpg,White_breasted_Nuthatch_0024_2285091720.jpg, 10_, birds
843.jpg,flowers07503.jpg,5, flowers
844.jpg,n02097298_2083.jpg, 5_test, dogs
845.jpg,1217071.jpg,3, aircrafts
846.jpg,Frigatebird_0016_371389064.jpg, 2_, birds
847.jpg,07602.jpg,5, cars
848.jpg,05231.jpg,6, cars
849.jpg,0127505.jpg,1, aircrafts
850.jpg,n02111889_4408.jpg, 4_test, dogs
851.jpg,01714.jpg,3, cars
852.jpg,0909855.jpg,5, aircrafts
853.jpg,n02091635_2569.jpg, 1_test, dogs
854.jpg,05752.jpg,4, cars
855.jpg,01250.jpg,8, cars
856.jpg,n02109961_3810.jpg, 3_test, dogs
857.jpg,n02109961_4801.jpg, 3_test, dogs
858.jpg,06529.jpg,6, cars
859.jpg,0875337.jpg,2, aircrafts
860.jpg,0426810.jpg,1, aircrafts
861.jpg,01377.jpg,8, cars
862.jpg,flowers02084.jpg,2, flowers
863.jpg,1673535.jpg,4, aircrafts
864.jpg,05465.jpg,4, cars
865.jpg,05794.jpg,5, cars
866.jpg,1351594.jpg,1, aircrafts
867.jpg,n02091635_3615.jpg, 1_test, dogs
868.jpg,flowers02113.jpg,2, flowers
869.jpg,01746.jpg,2, cars
870.jpg,1202541.jpg,5, aircrafts
871.jpg,Heermann_Gull_0014_2772359119.jpg, 7_, birds
872.jpg,0693511.jpg,1, aircrafts
873.jpg,0687392.jpg,1, aircrafts
874.jpg,0885288.jpg,4, aircrafts
875.jpg,05741.jpg,4, cars
876.jpg,flowers00512.jpg,4, flowers
877.jpg,0908026.jpg,5, aircrafts
878.jpg,00237.jpg,6, cars
879.jpg,n02091635_4068.jpg, 1_test, dogs
880.jpg,03291.jpg,6, cars
881.jpg,1256472.jpg,2, aircrafts
882.jpg,flowers02155.jpg,2, flowers
883.jpg,flowers00037.jpg,3, flowers
884.jpg,California_Gull_0018_75521211.jpg, 5_, birds
885.jpg,flowers00036.jpg,3, flowers
886.jpg,n02097298_8322.jpg, 5_test, dogs
887.jpg,01047.jpg,4, cars
888.jpg,01721.jpg,6, cars
889.jpg,flowers00045.jpg,3, flowers
890.jpg,04818.jpg,8, cars
891.jpg,Mockingbird_0016_3016606916.jpg, 9_, birds
892.jpg,Red_breasted_Merganser_0015_2389026444.jpg, 8_, birds
893.jpg,n02111889_5680.jpg, 4_test, dogs
894.jpg,n02105412_1920.jpg, 2_test, dogs
895.jpg,03824.jpg,3, cars
896.jpg,04774.jpg,1, cars
897.jpg,03442.jpg,2, cars
898.jpg,flowers00572.jpg,4, flowers
899.jpg,1340613.jpg,3, aircrafts
900.jpg,06406.jpg,8, cars
901.jpg,n02105412_5282.jpg, 2_test, dogs
902.jpg,0063295.jpg,1, aircrafts
903.jpg,Indigo_Bunting_0024_2539293425.jpg, 1_, birds
904.jpg,1864991.jpg,1, aircrafts
905.jpg,n02111889_4194.jpg, 4_test, dogs
906.jpg,flowers07529.jpg,5, flowers
907.jpg,0628815.jpg,5, aircrafts
908.jpg,07313.jpg,4, cars
909.jpg,flowers02742.jpg,1, flowers
910.jpg,2139346.jpg,2, aircrafts
911.jpg,02621.jpg,2, cars
912.jpg,flowers02733.jpg,1, flowers
913.jpg,n02109961_8845.jpg, 3_test, dogs
914.jpg,n02111889_4353.jpg, 4_test, dogs
915.jpg,n02097298_1451.jpg, 5_test, dogs
916.jpg,00768.jpg,2, cars
917.jpg,01562.jpg,4, cars
918.jpg,American_Goldfinch_0015_455770809.jpg, 4_, birds
919.jpg,n02109961_11511.jpg, 3_test, dogs
920.jpg,01747.jpg,1, cars
921.jpg,White_breasted_Nuthatch_0016_1909649033.jpg, 10_, birds
922.jpg,n02111889_2476.jpg, 4_test, dogs
923.jpg,flowers00043.jpg,3, flowers
924.jpg,0326603.jpg,2, aircrafts
925.jpg,n02105412_1530.jpg, 2_test, dogs
926.jpg,0814397.jpg,1, aircrafts
927.jpg,n02091635_2887.jpg, 1_test, dogs
928.jpg,02222.jpg,7, cars
929.jpg,0759282.jpg,2, aircrafts
930.jpg,1001809.jpg,4, aircrafts
931.jpg,flowers02747.jpg,1, flowers
932.jpg,flowers00569.jpg,4, flowers
933.jpg,0783900.jpg,1, aircrafts
934.jpg,flowers02115.jpg,2, flowers
935.jpg,03366.jpg,6, cars
936.jpg,n02109961_3984.jpg, 3_test, dogs
937.jpg,1292378.jpg,1, aircrafts
938.jpg,04994.jpg,6, cars
939.jpg,n02091635_3521.jpg, 1_test, dogs
940.jpg,n02105412_4674.jpg, 2_test, dogs
941.jpg,1564407.jpg,2, aircrafts
942.jpg,0445606.jpg,7, aircrafts
943.jpg,01327.jpg,1, cars
944.jpg,n02109961_3902.jpg, 3_test, dogs
945.jpg,flowers02745.jpg,1, flowers
946.jpg,n02109961_5035.jpg, 3_test, dogs
947.jpg,0136486.jpg,1, aircrafts
948.jpg,01422.jpg,8, cars
949.jpg,1270714.jpg,5, aircrafts
950.jpg,1513616.jpg,1, aircrafts
951.jpg,02558.jpg,7, cars
952.jpg,1469089.jpg,6, aircrafts
953.jpg,0946798.jpg,1, aircrafts
954.jpg,flowers02743.jpg,1, flowers
955.jpg,0730318.jpg,4, aircrafts
956.jpg,Mockingbird_0007_3016606862.jpg, 9_, birds
957.jpg,flowers00044.jpg,3, flowers
958.jpg,n02105412_7849.jpg, 2_test, dogs
959.jpg,flowers00065.jpg,3, flowers
960.jpg,n02097298_1941.jpg, 5_test, dogs
961.jpg,02439.jpg,6, cars
962.jpg,2094829.jpg,1, aircrafts
963.jpg,1240216.jpg,6, aircrafts
964.jpg,07374.jpg,6, cars
965.jpg,1267012.jpg,6, aircrafts
966.jpg,American_Goldfinch_0017_495390271.jpg, 4_, birds
967.jpg,flowers02135.jpg,2, flowers
968.jpg,n02105412_6009.jpg, 2_test, dogs
969.jpg,n02105412_8018.jpg, 2_test, dogs
970.jpg,04519.jpg,8, cars
971.jpg,n02109961_4509.jpg, 3_test, dogs
972.jpg,01499.jpg,7, cars
973.jpg,0980549.jpg,1, aircrafts
974.jpg,Indigo_Bunting_0028_2503150638.jpg, 1_, birds
975.jpg,Mockingbird_0014_951086400.jpg, 9_, birds
976.jpg,04292.jpg,5, cars
977.jpg,n02109961_2832.jpg, 3_test, dogs
978.jpg,n02097298_3301.jpg, 5_test, dogs
979.jpg,n02091635_4045.jpg, 1_test, dogs
980.jpg,04576.jpg,6, cars
981.jpg,05357.jpg,5, cars
982.jpg,n02105412_6431.jpg, 2_test, dogs
983.jpg,California_Gull_0007_2629417225.jpg, 5_, birds
984.jpg,California_Gull_0015_2255892302.jpg, 5_, birds
985.jpg,00451.jpg,1, cars
986.jpg,flowers02123.jpg,2, flowers
987.jpg,1720365.jpg,6, aircrafts
988.jpg,n02111889_4381.jpg, 4_test, dogs
989.jpg,04496.jpg,4, cars
990.jpg,1202350.jpg,2, aircrafts
991.jpg,00125.jpg,1, cars
992.jpg,07968.jpg,3, cars
993.jpg,0636590.jpg,1, aircrafts
994.jpg,02287.jpg,3, cars
995.jpg,n02109961_6778.jpg, 3_test, dogs
996.jpg,05225.jpg,2, cars
997.jpg,05513.jpg,1, cars
998.jpg,n02105412_4778.jpg, 2_test, dogs
999.jpg,n02097298_2287.jpg, 5_test, dogs
1000.jpg,2158616.jpg,6, aircrafts
1001.jpg,03373.jpg,2, cars
1002.jpg,04078.jpg,6, cars
1003.jpg,00811.jpg,5, cars
1004.jpg,04950.jpg,3, cars
1005.jpg,flowers02152.jpg,2, flowers
1006.jpg,06330.jpg,8, cars
1007.jpg,03591.jpg,6, cars
1008.jpg,Mockingbird_0003_2550300283.jpg, 9_, birds
1009.jpg,Indigo_Bunting_0018_12981558.jpg, 1_, birds
1010.jpg,06267.jpg,8, cars
1011.jpg,n02105412_7370.jpg, 2_test, dogs
1012.jpg,00955.jpg,3, cars
1013.jpg,05975.jpg,4, cars
1014.jpg,flowers07491.jpg,5, flowers
1015.jpg,flowers02740.jpg,1, flowers
1016.jpg,06066.jpg,1, cars
1017.jpg,0688083.jpg,1, aircrafts
1018.jpg,Indigo_Bunting_0014_2414309591.jpg, 1_, birds
1019.jpg,0894240.jpg,1, aircrafts
1020.jpg,1369785.jpg,4, aircrafts
1021.jpg,04500.jpg,1, cars
1022.jpg,n02109961_2727.jpg, 3_test, dogs
1023.jpg,04918.jpg,5, cars
1024.jpg,0458628.jpg,1, aircrafts
1025.jpg,Mockingbird_0006_1216950525.jpg, 9_, birds
1026.jpg,2236758.jpg,5, aircrafts
1027.jpg,n02091635_2482.jpg, 1_test, dogs
1028.jpg,1144110.jpg,2, aircrafts
1029.jpg,flowers02094.jpg,2, flowers
1030.jpg,2024661.jpg,6, aircrafts
1031.jpg,0382062.jpg,6, aircrafts
1032.jpg,0326676.jpg,5, aircrafts
1033.jpg,00476.jpg,2, cars
1034.jpg,0482823.jpg,1, aircrafts
1035.jpg,flowers00053.jpg,3, flowers
1036.jpg,flowers07500.jpg,5, flowers
1037.jpg,1265382.jpg,6, aircrafts
1038.jpg,n02109961_8698.jpg, 3_test, dogs
1039.jpg,n02097298_1319.jpg, 5_test, dogs
1040.jpg,02096.jpg,3, cars
1041.jpg,n02105412_7965.jpg, 2_test, dogs
1042.jpg,n02097298_1410.jpg, 5_test, dogs
1043.jpg,n02111889_4740.jpg, 4_test, dogs
1044.jpg,n02109961_3217.jpg, 3_test, dogs
1045.jpg,00171.jpg,1, cars
1046.jpg,0492475.jpg,3, aircrafts
1047.jpg,1606037.jpg,3, aircrafts
1048.jpg,05407.jpg,6, cars
1049.jpg,04645.jpg,1, cars
1050.jpg,1799133.jpg,6, aircrafts
1051.jpg,White_breasted_Nuthatch_0027_2866108873.jpg, 10_, birds
1052.jpg,n02105412_1078.jpg, 2_test, dogs
1053.jpg,n02097298_4628.jpg, 5_test, dogs
1054.jpg,1934561.jpg,4, aircrafts
1055.jpg,1041645.jpg,1, aircrafts
1056.jpg,03929.jpg,2, cars
1057.jpg,n02111889_4470.jpg, 4_test, dogs
1058.jpg,2166855.jpg,5, aircrafts
1059.jpg,Northern_Fulmar_0025_2841209829.jpg, 3_, birds
1060.jpg,n02111889_2361.jpg, 4_test, dogs
1061.jpg,flowers02143.jpg,2, flowers
1062.jpg,1298910.jpg,7, aircrafts
1063.jpg,n02111889_6950.jpg, 4_test, dogs
1064.jpg,n02111889_4484.jpg, 4_test, dogs
1065.jpg,flowers07528.jpg,5, flowers
1066.jpg,n02109961_4428.jpg, 3_test, dogs
1067.jpg,00207.jpg,2, cars
1068.jpg,Red_breasted_Merganser_0027_410866222.jpg, 8_, birds
1069.jpg,flowers02144.jpg,2, flowers
1070.jpg,n02105412_1106.jpg, 2_test, dogs
1071.jpg,n02109961_12107.jpg, 3_test, dogs
1072.jpg,flowers00064.jpg,3, flowers
1073.jpg,n02105412_5983.jpg, 2_test, dogs
1074.jpg,1836113.jpg,1, aircrafts
1075.jpg,flowers07509.jpg,5, flowers
1076.jpg,1244348.jpg,1, aircrafts
1077.jpg,0894385.jpg,1, aircrafts
1078.jpg,flowers02729.jpg,1, flowers
1079.jpg,flowers00521.jpg,4, flowers
1080.jpg,n02091635_1043.jpg, 1_test, dogs
1081.jpg,07808.jpg,3, cars
1082.jpg,1980186.jpg,4, aircrafts
1083.jpg,n02097298_2583.jpg, 5_test, dogs
1084.jpg,flowers02153.jpg,2, flowers
1085.jpg,n02111889_6811.jpg, 4_test, dogs
1086.jpg,1896036.jpg,1, aircrafts
1087.jpg,2100018.jpg,3, aircrafts
1088.jpg,0883341.jpg,2, aircrafts
1089.jpg,01527.jpg,2, cars
1090.jpg,Indigo_Bunting_0026_2535204236.jpg, 1_, birds
1091.jpg,1052538.jpg,5, aircrafts
1092.jpg,1647303.jpg,1, aircrafts
1093.jpg,04461.jpg,8, cars
1094.jpg,03694.jpg,2, cars
1095.jpg,n02097298_6110.jpg, 5_test, dogs
1096.jpg,flowers07531.jpg,5, flowers
1097.jpg,1422217.jpg,4, aircrafts
1098.jpg,flowers02752.jpg,1, flowers
1099.jpg,flowers02720.jpg,1, flowers
1100.jpg,1698551.jpg,6, aircrafts
1101.jpg,1544178.jpg,7, aircrafts
1102.jpg,0357874.jpg,5, aircrafts
1103.jpg,n02091635_4174.jpg, 1_test, dogs
1104.jpg,n02109961_15315.jpg, 3_test, dogs
1105.jpg,07219.jpg,5, cars
1106.jpg,05662.jpg,8, cars
1107.jpg,Loggerhead_Shrike_0027_2162476873.jpg, 11_, birds
1108.jpg,Glaucous_winged_Gull_0013_2339234829.jpg, 6_, birds
1109.jpg,03718.jpg,1, cars
1110.jpg,White_breasted_Nuthatch_0014_3003005775.jpg, 10_, birds
1111.jpg,n02091635_963.jpg, 1_test, dogs
1112.jpg,California_Gull_0014_2255892736.jpg, 5_, birds
1113.jpg,n02111889_1716.jpg, 4_test, dogs
1114.jpg,n02109961_5732.jpg, 3_test, dogs
1115.jpg,04017.jpg,6, cars
1116.jpg,0681901.jpg,2, aircrafts
1117.jpg,2233262.jpg,1, aircrafts
1118.jpg,n02109961_11634.jpg, 3_test, dogs
1119.jpg,05139.jpg,7, cars
1120.jpg,06095.jpg,2, cars
1121.jpg,1116410.jpg,1, aircrafts
1122.jpg,flowers00056.jpg,3, flowers
1123.jpg,04193.jpg,5, cars
1124.jpg,flowers02750.jpg,1, flowers
1125.jpg,05109.jpg,5, cars
1126.jpg,1997801.jpg,6, aircrafts
1127.jpg,06742.jpg,2, cars
1128.jpg,n02111889_6425.jpg, 4_test, dogs
1129.jpg,0523227.jpg,7, aircrafts
1130.jpg,American_Goldfinch_0005_191903025.jpg, 4_, birds
1131.jpg,n02097298_2792.jpg, 5_test, dogs
1132.jpg,Glaucous_winged_Gull_0017_59209116.jpg, 6_, birds
1133.jpg,03900.jpg,3, cars
1134.jpg,Northern_Fulmar_0027_429087843.jpg, 3_, birds
1135.jpg,0618964.jpg,1, aircrafts
1136.jpg,04257.jpg,6, cars
1137.jpg,03457.jpg,4, cars
1138.jpg,n02091635_2948.jpg, 1_test, dogs
1139.jpg,1302570.jpg,4, aircrafts
1140.jpg,n02091635_4422.jpg, 1_test, dogs
1141.jpg,1767081.jpg,4, aircrafts
1142.jpg,03880.jpg,8, cars
1143.jpg,1739390.jpg,6, aircrafts
1144.jpg,2239587.jpg,3, aircrafts
1145.jpg,00053.jpg,8, cars
1146.jpg,flowers07512.jpg,5, flowers
1147.jpg,1526601.jpg,3, aircrafts
1148.jpg,n02105412_5381.jpg, 2_test, dogs
1149.jpg,Glaucous_winged_Gull_0024_308084732.jpg, 6_, birds
1150.jpg,02112.jpg,1, cars
1151.jpg,Red_breasted_Merganser_0024_300517543.jpg, 8_, birds
1152.jpg,0727357.jpg,1, aircrafts
1153.jpg,1869952.jpg,2, aircrafts
1154.jpg,04845.jpg,6, cars
1155.jpg,06163.jpg,7, cars
1156.jpg,0877674.jpg,4, aircrafts
1157.jpg,1623096.jpg,1, aircrafts
1158.jpg,01723.jpg,1, cars
1159.jpg,0197892.jpg,7, aircrafts
1160.jpg,n02111889_1714.jpg, 4_test, dogs
1161.jpg,n02097298_2957.jpg, 5_test, dogs
1162.jpg,0973263.jpg,1, aircrafts
1163.jpg,n02109961_4952.jpg, 3_test, dogs
1164.jpg,Northern_Fulmar_0013_533814410.jpg, 3_, birds
1165.jpg,2162684.jpg,1, aircrafts
1166.jpg,n02105412_7866.jpg, 2_test, dogs
1167.jpg,0923499.jpg,7, aircrafts
1168.jpg,06337.jpg,4, cars
1169.jpg,0963485.jpg,2, aircrafts
1170.jpg,00250.jpg,8, cars
1171.jpg,07960.jpg,8, cars
1172.jpg,flowers02727.jpg,1, flowers
1173.jpg,1260718.jpg,4, aircrafts
1174.jpg,1744483.jpg,4, aircrafts
1175.jpg,0641196.jpg,1, aircrafts
1176.jpg,02799.jpg,4, cars
1177.jpg,n02097298_2468.jpg, 5_test, dogs
1178.jpg,n02097298_2976.jpg, 5_test, dogs
1179.jpg,n02109961_11224.jpg, 3_test, dogs
1180.jpg,1885835.jpg,7, aircrafts
1181.jpg,Heermann_Gull_0023_2673090326.jpg, 7_, birds
1182.jpg,0911010.jpg,2, aircrafts
1183.jpg,07714.jpg,4, cars
1184.jpg,0157278.jpg,3, aircrafts
1185.jpg,05341.jpg,1, cars
1186.jpg,n02097298_4565.jpg, 5_test, dogs
1187.jpg,n02091635_2464.jpg, 1_test, dogs
1188.jpg,flowers02746.jpg,1, flowers
1189.jpg,04943.jpg,5, cars
1190.jpg,04573.jpg,7, cars
1191.jpg,0487369.jpg,1, aircrafts
1192.jpg,n02109961_2609.jpg, 3_test, dogs
1193.jpg,0062223.jpg,1, aircrafts
1194.jpg,n02111889_5121.jpg, 4_test, dogs
1195.jpg,1796764.jpg,1, aircrafts
1196.jpg,07678.jpg,4, cars
1197.jpg,2186726.jpg,6, aircrafts
1198.jpg,0773399.jpg,2, aircrafts
1199.jpg,flowers02114.jpg,2, flowers
1200.jpg,00657.jpg,7, cars
1201.jpg,1320257.jpg,1, aircrafts
1202.jpg,0885277.jpg,1, aircrafts
1203.jpg,02762.jpg,6, cars
1204.jpg,04155.jpg,6, cars
1205.jpg,flowers00532.jpg,4, flowers
1206.jpg,2067268.jpg,3, aircrafts
1207.jpg,n02097298_3522.jpg, 5_test, dogs
1208.jpg,0487393.jpg,7, aircrafts
1209.jpg,n02105412_1795.jpg, 2_test, dogs
1210.jpg,n02105412_7326.jpg, 2_test, dogs
1211.jpg,Northern_Fulmar_0024_242103861.jpg, 3_, birds
1212.jpg,00895.jpg,8, cars
1213.jpg,flowers00519.jpg,4, flowers
